date,product_type,price_per_ton,volume,destination_country,market_indicator
2005-01-01,OLIVE_OIL,3249.08,477.82,Germany,VOLATILE
2005-01-01,DATES,2635.59,250.62,Germany,STABLE
2005-01-01,CITRUS_FRUITS,1533.71,114.29,Germany,RISING
2005-01-01,WHEAT,1675.93,424.6,Netherlands,RISING
2005-01-01,TOMATOES,1394.55,327.87,Italy,STABLE
2005-02-01,OLIVE_OIL,3363.89,181.05,Germany,STABLE
2005-02-01,DATES,1865.33,488.19,Netherlands,RISING
2005-02-01,CITRUS_FRUITS,1818.39,222.11,Spain,FALLING
2005-02-01,WHEAT,937.16,323.4,Libya,STABLE
2005-02-01,TOMATOES,709.29,473.99,Netherlands,VOLATILE
2005-03-01,OLIVE_OIL,3109.23,93.95,Spain,RISING
2005-03-01,DATES,2756.57,324.5,Germany,UNPREDICTABLE
2005-03-01,CITRUS_FRUITS,1458.78,348.14,Italy,STABLE
2005-03-01,WHEAT,1066.35,305.47,Libya,UNPREDICTABLE
2005-03-01,TOMATOES,1242.59,472.77,Netherlands,UNPREDICTABLE
2005-04-01,OLIVE_OIL,3954.54,196.94,Netherlands,RISING
2005-04-01,DATES,1863.32,196.4,Libya,STABLE
2005-04-01,CITRUS_FRUITS,2028.74,210.54,Spain,FALLING
2005-04-01,WHEAT,1120.8,183.32,Libya,RISING
2005-04-01,TOMATOES,1390.82,397.51,Spain,STABLE
2005-05-01,OLIVE_OIL,2528.16,139.48,Germany,VOLATILE
2005-05-01,DATES,2648.34,466.84,Italy,RISING
2005-05-01,CITRUS_FRUITS,2063.1,330.48,Italy,RISING
2005-05-01,WHEAT,1196.65,350.98,Libya,FALLING
2005-05-01,TOMATOES,1146.29,449.25,France,STABLE
2005-06-01,OLIVE_OIL,4443.42,432.01,Libya,FALLING
2005-06-01,DATES,2879.35,272.21,France,FALLING
2005-06-01,CITRUS_FRUITS,1310.89,247.7,Germany,RISING
2005-06-01,WHEAT,1409.13,191.46,Spain,UNPREDICTABLE
2005-06-01,TOMATOES,874.5,234.67,Germany,RISING
2005-07-01,OLIVE_OIL,4385.71,319.49,Germany,RISING
2005-07-01,DATES,3101.58,413.65,France,RISING
2005-07-01,CITRUS_FRUITS,1656.53,148.3,Spain,VOLATILE
2005-07-01,WHEAT,1331.47,413.35,Spain,STABLE
2005-07-01,TOMATOES,1334.78,172.46,Germany,STABLE
2005-08-01,OLIVE_OIL,4136.03,437.33,Netherlands,STABLE
2005-08-01,DATES,2384.38,149.95,Germany,STABLE
2005-08-01,CITRUS_FRUITS,1444.13,125.73,France,STABLE
2005-08-01,WHEAT,951.91,164.26,Spain,STABLE
2005-08-01,TOMATOES,1048.07,185.4,France,UNPREDICTABLE
2005-09-01,OLIVE_OIL,3033.56,489.48,Spain,RISING
2005-09-01,DATES,2190.11,458.72,Germany,FALLING
2005-09-01,CITRUS_FRUITS,1730.93,251.5,Netherlands,RISING
2005-09-01,WHEAT,1437.71,392.73,Germany,RISING
2005-09-01,TOMATOES,1262.2,261.64,Italy,FALLING
2005-10-01,OLIVE_OIL,3571.55,90.63,France,RISING
2005-10-01,DATES,2511.48,363.12,Germany,FALLING
2005-10-01,CITRUS_FRUITS,1877.56,57.46,Germany,VOLATILE
2005-10-01,WHEAT,1178.93,93.28,France,FALLING
2005-10-01,TOMATOES,970.71,471.53,France,FALLING
2005-11-01,OLIVE_OIL,3970.43,144.08,Netherlands,FALLING
2005-11-01,DATES,2119.97,128.73,France,STABLE
2005-11-01,CITRUS_FRUITS,1460.83,498.31,Netherlands,VOLATILE
2005-11-01,WHEAT,1620.33,334.9,France,STABLE
2005-11-01,TOMATOES,1190.25,431.0,Spain,VOLATILE
2005-12-01,OLIVE_OIL,4059.75,338.91,Germany,UNPREDICTABLE
2005-12-01,DATES,2899.48,351.04,Netherlands,RISING
2005-12-01,CITRUS_FRUITS,1301.47,348.58,Libya,STABLE
2005-12-01,WHEAT,1144.29,268.53,Germany,FALLING
2005-12-01,TOMATOES,856.99,370.48,France,STABLE
2006-01-01,OLIVE_OIL,2857.65,214.91,Germany,FALLING
2006-01-01,DATES,2595.63,92.15,Germany,FALLING
2006-01-01,CITRUS_FRUITS,1450.46,315.44,Netherlands,STABLE
2006-01-01,WHEAT,1613.64,334.01,Italy,STABLE
2006-01-01,TOMATOES,1151.57,351.02,France,RISING
2006-02-01,OLIVE_OIL,3944.9,176.35,Germany,VOLATILE
2006-02-01,DATES,1861.05,497.55,Netherlands,UNPREDICTABLE
2006-02-01,CITRUS_FRUITS,2114.86,216.57,France,UNPREDICTABLE
2006-02-01,WHEAT,1164.6,298.74,Germany,UNPREDICTABLE
2006-02-01,TOMATOES,752.74,187.56,France,STABLE
2006-03-01,OLIVE_OIL,2838.99,300.56,Netherlands,FALLING
2006-03-01,DATES,2598.09,93.73,Netherlands,STABLE
2006-03-01,CITRUS_FRUITS,1454.16,182.88,Italy,FALLING
2006-03-01,WHEAT,1457.61,366.12,Libya,STABLE
2006-03-01,TOMATOES,993.85,165.29,Libya,RISING
2006-04-01,OLIVE_OIL,2510.37,332.55,Spain,FALLING
2006-04-01,DATES,2782.75,408.11,Spain,VOLATILE
2006-04-01,CITRUS_FRUITS,1227.62,310.49,Netherlands,STABLE
2006-04-01,WHEAT,1024.03,491.83,Netherlands,FALLING
2006-04-01,TOMATOES,721.35,66.81,Netherlands,STABLE
2006-05-01,OLIVE_OIL,3574.16,196.99,Libya,STABLE
2006-05-01,DATES,3151.35,255.77,Netherlands,RISING
2006-05-01,CITRUS_FRUITS,1731.35,293.29,Spain,RISING
2006-05-01,WHEAT,1675.63,371.57,Germany,VOLATILE
2006-05-01,TOMATOES,889.58,247.54,Italy,RISING
2006-06-01,OLIVE_OIL,4425.3,426.19,France,FALLING
2006-06-01,DATES,1881.47,461.85,Italy,RISING
2006-06-01,CITRUS_FRUITS,1293.87,132.29,Libya,STABLE
2006-06-01,WHEAT,1663.89,382.05,Libya,FALLING
2006-06-01,TOMATOES,993.72,161.48,Germany,VOLATILE
2006-07-01,OLIVE_OIL,2528.79,102.23,Libya,RISING
2006-07-01,DATES,2235.98,490.78,Libya,STABLE
2006-07-01,CITRUS_FRUITS,1297.83,271.23,Spain,RISING
2006-07-01,WHEAT,1247.08,229.33,Italy,UNPREDICTABLE
2006-07-01,TOMATOES,1320.68,167.4,Italy,FALLING
2006-08-01,OLIVE_OIL,3506.27,435.42,Libya,FALLING
2006-08-01,DATES,2662.19,474.75,Italy,RISING
2006-08-01,CITRUS_FRUITS,1785.78,473.1,Spain,STABLE
2006-08-01,WHEAT,1414.63,256.21,Germany,VOLATILE
2006-08-01,TOMATOES,1138.16,419.19,Italy,RISING
2006-09-01,OLIVE_OIL,3047.92,146.57,Netherlands,RISING
2006-09-01,DATES,1932.22,357.35,France,FALLING
2006-09-01,CITRUS_FRUITS,1585.4,356.73,Netherlands,VOLATILE
2006-09-01,WHEAT,1125.48,103.17,Libya,STABLE
2006-09-01,TOMATOES,1355.65,67.63,France,VOLATILE
2006-10-01,OLIVE_OIL,3064.07,129.85,France,FALLING
2006-10-01,DATES,2606.29,379.24,Spain,STABLE
2006-10-01,CITRUS_FRUITS,1976.41,203.36,Netherlands,FALLING
2006-10-01,WHEAT,1090.88,355.93,France,RISING
2006-10-01,TOMATOES,964.41,290.45,Spain,VOLATILE
2006-11-01,OLIVE_OIL,3140.1,452.99,France,RISING
2006-11-01,DATES,3141.96,431.21,France,STABLE
2006-11-01,CITRUS_FRUITS,2150.06,477.77,Germany,STABLE
2006-11-01,WHEAT,966.63,91.27,Spain,STABLE
2006-11-01,TOMATOES,1170.76,388.57,France,RISING
2006-12-01,OLIVE_OIL,4361.86,488.41,Netherlands,STABLE
2006-12-01,DATES,2418.14,449.47,Germany,FALLING
2006-12-01,CITRUS_FRUITS,2168.65,359.61,Italy,FALLING
2006-12-01,WHEAT,980.9,87.85,Libya,RISING
2006-12-01,TOMATOES,977.66,451.35,Italy,RISING
2007-01-01,OLIVE_OIL,2669.68,493.99,Libya,STABLE
2007-01-01,DATES,2937.92,476.26,France,FALLING
2007-01-01,CITRUS_FRUITS,1550.22,368.68,Germany,VOLATILE
2007-01-01,WHEAT,1346.72,240.9,Italy,STABLE
2007-01-01,TOMATOES,1004.12,164.16,Italy,STABLE
2007-02-01,OLIVE_OIL,2612.61,103.47,Libya,VOLATILE
2007-02-01,DATES,2841.9,356.47,Spain,UNPREDICTABLE
2007-02-01,CITRUS_FRUITS,1574.87,178.57,France,RISING
2007-02-01,WHEAT,1670.58,55.47,Libya,RISING
2007-02-01,TOMATOES,1323.8,287.47,Germany,UNPREDICTABLE
2007-03-01,OLIVE_OIL,3005.98,362.94,France,STABLE
2007-03-01,DATES,2681.16,363.09,France,FALLING
2007-03-01,CITRUS_FRUITS,1784.31,455.52,France,UNPREDICTABLE
2007-03-01,WHEAT,1666.96,76.04,Netherlands,STABLE
2007-03-01,TOMATOES,1134.09,174.82,Spain,FALLING
2007-04-01,OLIVE_OIL,3276.54,153.23,Spain,RISING
2007-04-01,DATES,3164.15,493.79,Netherlands,RISING
2007-04-01,CITRUS_FRUITS,1479.76,235.04,Libya,FALLING
2007-04-01,WHEAT,1030.09,459.92,Libya,UNPREDICTABLE
2007-04-01,TOMATOES,991.65,311.52,France,STABLE
2007-05-01,OLIVE_OIL,4365.46,439.73,Libya,RISING
2007-05-01,DATES,2375.76,399.92,Italy,UNPREDICTABLE
2007-05-01,CITRUS_FRUITS,1350.42,317.36,France,UNPREDICTABLE
2007-05-01,WHEAT,1573.7,427.25,Italy,RISING
2007-05-01,TOMATOES,793.7,56.15,Netherlands,FALLING
2007-06-01,OLIVE_OIL,3568.69,387.46,Germany,FALLING
2007-06-01,DATES,2876.58,475.14,Italy,STABLE
2007-06-01,CITRUS_FRUITS,1441.08,142.27,France,UNPREDICTABLE
2007-06-01,WHEAT,1384.94,152.89,France,VOLATILE
2007-06-01,TOMATOES,732.83,170.9,Italy,STABLE
2007-07-01,OLIVE_OIL,3452.42,424.12,Italy,VOLATILE
2007-07-01,DATES,2572.67,302.42,Netherlands,VOLATILE
2007-07-01,CITRUS_FRUITS,1789.96,266.02,Libya,FALLING
2007-07-01,WHEAT,1463.26,145.83,Netherlands,FALLING
2007-07-01,TOMATOES,1386.32,323.64,Italy,STABLE
2007-08-01,OLIVE_OIL,3374.95,456.87,Spain,STABLE
2007-08-01,DATES,2431.27,459.71,Netherlands,FALLING
2007-08-01,CITRUS_FRUITS,2062.36,477.28,Spain,STABLE
2007-08-01,WHEAT,1573.67,396.01,Spain,STABLE
2007-08-01,TOMATOES,1386.02,271.68,Libya,RISING
2007-09-01,OLIVE_OIL,3659.3,203.7,France,STABLE
2007-09-01,DATES,2618.67,230.14,Spain,RISING
2007-09-01,CITRUS_FRUITS,1545.67,453.55,Germany,STABLE
2007-09-01,WHEAT,1678.49,320.87,Germany,RISING
2007-09-01,TOMATOES,818.25,175.37,Libya,RISING
2007-10-01,OLIVE_OIL,3597.43,290.49,Spain,RISING
2007-10-01,DATES,2309.98,276.54,Libya,STABLE
2007-10-01,CITRUS_FRUITS,1292.29,266.52,Netherlands,RISING
2007-10-01,WHEAT,1598.86,464.39,Libya,RISING
2007-10-01,TOMATOES,1307.81,88.03,Germany,RISING
2007-11-01,OLIVE_OIL,2918.7,216.71,Netherlands,RISING
2007-11-01,DATES,2863.94,289.07,Italy,FALLING
2007-11-01,CITRUS_FRUITS,1236.68,163.6,Germany,VOLATILE
2007-11-01,WHEAT,1309.34,289.45,Libya,VOLATILE
2007-11-01,TOMATOES,947.9,228.72,France,FALLING
2007-12-01,OLIVE_OIL,2864.57,303.78,France,RISING
2007-12-01,DATES,2258.5,103.89,France,STABLE
2007-12-01,CITRUS_FRUITS,1673.97,209.8,France,STABLE
2007-12-01,WHEAT,969.54,291.7,Italy,FALLING
2007-12-01,TOMATOES,1110.57,304.01,Italy,STABLE
2008-01-01,OLIVE_OIL,3226.16,340.66,Italy,RISING
2008-01-01,DATES,2497.55,198.66,France,RISING
2008-01-01,CITRUS_FRUITS,1301.78,118.79,Spain,VOLATILE
2008-01-01,WHEAT,970.31,412.64,France,RISING
2008-01-01,TOMATOES,1067.16,234.68,Spain,UNPREDICTABLE
2008-02-01,OLIVE_OIL,4293.22,309.2,Germany,VOLATILE
2008-02-01,DATES,2943.9,166.06,Netherlands,FALLING
2008-02-01,CITRUS_FRUITS,2129.38,300.54,Italy,STABLE
2008-02-01,WHEAT,1515.59,134.17,Netherlands,FALLING
2008-02-01,TOMATOES,839.65,381.31,Spain,RISING
2008-03-01,OLIVE_OIL,3721.24,179.88,Libya,STABLE
2008-03-01,DATES,3104.82,194.29,Germany,RISING
2008-03-01,CITRUS_FRUITS,1536.6,110.49,Italy,UNPREDICTABLE
2008-03-01,WHEAT,1157.88,414.44,France,RISING
2008-03-01,TOMATOES,701.9,102.51,Netherlands,STABLE
2008-04-01,OLIVE_OIL,3197.74,468.29,Netherlands,FALLING
2008-04-01,DATES,2371.93,469.82,Germany,UNPREDICTABLE
2008-04-01,CITRUS_FRUITS,1381.23,79.92,Netherlands,RISING
2008-04-01,WHEAT,1525.21,422.57,Libya,RISING
2008-04-01,TOMATOES,814.56,123.92,Libya,RISING
2008-05-01,OLIVE_OIL,3767.52,458.54,France,VOLATILE
2008-05-01,DATES,2349.42,417.47,Netherlands,VOLATILE
2008-05-01,CITRUS_FRUITS,1824.1,292.9,France,RISING
2008-05-01,WHEAT,1619.66,222.75,Netherlands,RISING
2008-05-01,TOMATOES,860.32,294.28,Netherlands,UNPREDICTABLE
2008-06-01,OLIVE_OIL,3755.42,200.71,Spain,VOLATILE
2008-06-01,DATES,2668.1,290.06,Germany,VOLATILE
2008-06-01,CITRUS_FRUITS,1351.67,190.27,Libya,VOLATILE
2008-06-01,WHEAT,1014.5,142.05,Italy,VOLATILE
2008-06-01,TOMATOES,1313.74,203.94,Netherlands,STABLE
2008-07-01,OLIVE_OIL,3257.64,255.65,Spain,STABLE
2008-07-01,DATES,2916.21,117.46,Spain,FALLING
2008-07-01,CITRUS_FRUITS,1920.04,338.52,Germany,FALLING
2008-07-01,WHEAT,1472.94,319.56,Spain,RISING
2008-07-01,TOMATOES,1335.92,312.53,Italy,UNPREDICTABLE
2008-08-01,OLIVE_OIL,2806.7,313.8,Netherlands,RISING
2008-08-01,DATES,2158.42,376.74,Germany,UNPREDICTABLE
2008-08-01,CITRUS_FRUITS,1765.13,363.49,Libya,FALLING
2008-08-01,WHEAT,1022.03,309.33,Italy,RISING
2008-08-01,TOMATOES,754.12,96.91,France,UNPREDICTABLE
2008-09-01,OLIVE_OIL,3401.68,100.96,Libya,RISING
2008-09-01,DATES,2060.85,426.87,France,VOLATILE
2008-09-01,CITRUS_FRUITS,1718.84,316.07,Libya,STABLE
2008-09-01,WHEAT,1495.4,142.51,France,RISING
2008-09-01,TOMATOES,933.45,229.18,France,VOLATILE
2008-10-01,OLIVE_OIL,4345.92,259.57,Germany,FALLING
2008-10-01,DATES,2433.11,151.07,Spain,UNPREDICTABLE
2008-10-01,CITRUS_FRUITS,1448.23,309.93,Spain,STABLE
2008-10-01,WHEAT,1631.88,213.08,Germany,FALLING
2008-10-01,TOMATOES,709.17,348.59,France,UNPREDICTABLE
2008-11-01,OLIVE_OIL,2797.33,236.58,Spain,STABLE
2008-11-01,DATES,2058.25,184.82,Libya,STABLE
2008-11-01,CITRUS_FRUITS,1626.79,409.9,Netherlands,RISING
2008-11-01,WHEAT,1052.55,66.45,Netherlands,VOLATILE
2008-11-01,TOMATOES,1111.22,182.32,Germany,STABLE
2008-12-01,OLIVE_OIL,3548.78,248.34,Italy,STABLE
2008-12-01,DATES,2871.5,96.34,Libya,RISING
2008-12-01,CITRUS_FRUITS,1953.25,172.54,Germany,FALLING
2008-12-01,WHEAT,1226.99,61.42,Spain,VOLATILE
2008-12-01,TOMATOES,1306.9,233.59,France,RISING
2009-01-01,OLIVE_OIL,2962.15,352.35,Libya,FALLING
2009-01-01,DATES,2274.98,306.25,Germany,FALLING
2009-01-01,CITRUS_FRUITS,1438.18,94.75,Netherlands,FALLING
2009-01-01,WHEAT,1545.48,483.19,Spain,FALLING
2009-01-01,TOMATOES,843.49,181.92,Italy,RISING
2009-02-01,OLIVE_OIL,2671.02,143.55,Germany,RISING
2009-02-01,DATES,3027.02,339.32,Italy,VOLATILE
2009-02-01,CITRUS_FRUITS,2017.44,203.82,Italy,VOLATILE
2009-02-01,WHEAT,1190.45,65.4,Spain,FALLING
2009-02-01,TOMATOES,986.59,298.42,Italy,VOLATILE
2009-03-01,OLIVE_OIL,2939.02,488.55,Spain,RISING
2009-03-01,DATES,3015.86,269.34,Netherlands,STABLE
2009-03-01,CITRUS_FRUITS,1382.11,268.15,France,STABLE
2009-03-01,WHEAT,1333.31,335.07,France,RISING
2009-03-01,TOMATOES,1284.45,492.98,Italy,UNPREDICTABLE
2009-04-01,OLIVE_OIL,3882.44,357.43,Netherlands,UNPREDICTABLE
2009-04-01,DATES,1964.85,309.43,Netherlands,RISING
2009-04-01,CITRUS_FRUITS,1605.25,273.86,Spain,RISING
2009-04-01,WHEAT,908.8,111.6,France,STABLE
2009-04-01,TOMATOES,1212.53,162.83,Libya,FALLING
2009-05-01,OLIVE_OIL,2850.74,461.49,Italy,STABLE
2009-05-01,DATES,2879.28,239.92,Italy,RISING
2009-05-01,CITRUS_FRUITS,1938.03,87.26,Spain,VOLATILE
2009-05-01,WHEAT,954.6,426.69,Germany,STABLE
2009-05-01,TOMATOES,1203.33,183.7,Germany,UNPREDICTABLE
2009-06-01,OLIVE_OIL,3293.3,479.34,Netherlands,FALLING
2009-06-01,DATES,2100.92,64.03,Spain,RISING
2009-06-01,CITRUS_FRUITS,2041.53,430.88,Germany,FALLING
2009-06-01,WHEAT,1167.4,396.91,Libya,STABLE
2009-06-01,TOMATOES,946.08,235.76,Libya,FALLING
2009-07-01,OLIVE_OIL,3369.65,160.88,Germany,RISING
2009-07-01,DATES,1803.28,485.46,Netherlands,FALLING
2009-07-01,CITRUS_FRUITS,1560.97,91.21,Germany,UNPREDICTABLE
2009-07-01,WHEAT,1532.01,360.75,France,RISING
2009-07-01,TOMATOES,1079.33,442.83,Libya,VOLATILE
2009-08-01,OLIVE_OIL,3948.21,336.75,France,UNPREDICTABLE
2009-08-01,DATES,2705.33,361.93,France,UNPREDICTABLE
2009-08-01,CITRUS_FRUITS,1239.43,367.51,France,RISING
2009-08-01,WHEAT,1354.36,461.97,Netherlands,RISING
2009-08-01,TOMATOES,1211.72,136.67,Italy,STABLE
2009-09-01,OLIVE_OIL,4090.68,385.28,Spain,VOLATILE
2009-09-01,DATES,2246.74,423.01,France,FALLING
2009-09-01,CITRUS_FRUITS,1564.7,302.3,Libya,RISING
2009-09-01,WHEAT,1457.03,202.94,Spain,FALLING
2009-09-01,TOMATOES,1262.78,292.28,Netherlands,STABLE
2009-10-01,OLIVE_OIL,3751.78,448.69,Italy,VOLATILE
2009-10-01,DATES,2384.51,257.87,Italy,RISING
2009-10-01,CITRUS_FRUITS,2074.7,288.02,Germany,RISING
2009-10-01,WHEAT,907.59,73.71,France,STABLE
2009-10-01,TOMATOES,1035.91,332.38,Spain,UNPREDICTABLE
2009-11-01,OLIVE_OIL,4036.55,238.0,Spain,FALLING
2009-11-01,DATES,2134.29,99.71,Netherlands,STABLE
2009-11-01,CITRUS_FRUITS,2052.82,372.0,Libya,RISING
2009-11-01,WHEAT,914.3,494.48,France,RISING
2009-11-01,TOMATOES,974.14,106.0,Germany,UNPREDICTABLE
2009-12-01,OLIVE_OIL,4072.69,90.23,Netherlands,UNPREDICTABLE
2009-12-01,DATES,3037.88,320.36,Netherlands,FALLING
2009-12-01,CITRUS_FRUITS,1367.03,496.03,Germany,STABLE
2009-12-01,WHEAT,1570.26,153.76,Germany,STABLE
2009-12-01,TOMATOES,861.47,129.44,Italy,RISING
2010-01-01,OLIVE_OIL,4414.54,421.79,Libya,RISING
2010-01-01,DATES,3156.74,447.7,Germany,FALLING
2010-01-01,CITRUS_FRUITS,1725.03,167.11,Germany,VOLATILE
2010-01-01,WHEAT,1456.82,119.25,Germany,RISING
2010-01-01,TOMATOES,856.67,291.64,France,VOLATILE
2010-02-01,OLIVE_OIL,4220.25,255.84,Germany,STABLE
2010-02-01,DATES,2467.35,69.97,Italy,VOLATILE
2010-02-01,CITRUS_FRUITS,2009.52,344.86,Libya,FALLING
2010-02-01,WHEAT,1125.11,163.69,Netherlands,STABLE
2010-02-01,TOMATOES,1206.39,273.14,Netherlands,UNPREDICTABLE
2010-03-01,OLIVE_OIL,2718.94,452.52,Libya,VOLATILE
2010-03-01,DATES,2493.21,266.26,Libya,UNPREDICTABLE
2010-03-01,CITRUS_FRUITS,1771.32,347.95,Germany,VOLATILE
2010-03-01,WHEAT,1487.13,284.57,Spain,VOLATILE
2010-03-01,TOMATOES,1307.11,368.76,Germany,RISING
2010-04-01,OLIVE_OIL,4360.18,97.63,Germany,VOLATILE
2010-04-01,DATES,2022.05,446.39,Italy,STABLE
2010-04-01,CITRUS_FRUITS,2079.07,52.32,Germany,RISING
2010-04-01,WHEAT,1626.96,50.5,Italy,VOLATILE
2010-04-01,TOMATOES,1055.23,52.87,Libya,FALLING
2010-05-01,OLIVE_OIL,4462.37,334.32,Italy,FALLING
2010-05-01,DATES,2555.98,400.93,Netherlands,STABLE
2010-05-01,CITRUS_FRUITS,1218.43,244.51,Italy,STABLE
2010-05-01,WHEAT,1406.1,469.41,Libya,VOLATILE
2010-05-01,TOMATOES,821.63,396.88,Spain,STABLE
2010-06-01,OLIVE_OIL,3916.34,80.31,Italy,STABLE
2010-06-01,DATES,1881.09,83.61,Italy,VOLATILE
2010-06-01,CITRUS_FRUITS,2173.49,486.0,Spain,FALLING
2010-06-01,WHEAT,1375.52,222.63,Libya,RISING
2010-06-01,TOMATOES,926.53,269.89,Germany,STABLE
2010-07-01,OLIVE_OIL,2502.06,121.52,Italy,UNPREDICTABLE
2010-07-01,DATES,2396.65,253.12,Libya,FALLING
2010-07-01,CITRUS_FRUITS,1420.77,87.07,Netherlands,RISING
2010-07-01,WHEAT,1005.07,440.62,Netherlands,RISING
2010-07-01,TOMATOES,1002.63,474.63,Libya,FALLING
2010-08-01,OLIVE_OIL,3295.19,173.4,Germany,STABLE
2010-08-01,DATES,2249.04,375.99,Italy,RISING
2010-08-01,CITRUS_FRUITS,1231.13,343.25,Spain,FALLING
2010-08-01,WHEAT,1277.23,294.45,Spain,RISING
2010-08-01,TOMATOES,1308.04,399.47,Germany,VOLATILE
2010-09-01,OLIVE_OIL,4022.05,331.8,Spain,RISING
2010-09-01,DATES,3089.19,327.49,Netherlands,STABLE
2010-09-01,CITRUS_FRUITS,1201.23,319.25,Netherlands,FALLING
2010-09-01,WHEAT,1244.24,140.24,France,RISING
2010-09-01,TOMATOES,1156.06,196.67,Italy,VOLATILE
2010-10-01,OLIVE_OIL,3120.72,254.85,Libya,RISING
2010-10-01,DATES,2349.49,265.97,Netherlands,STABLE
2010-10-01,CITRUS_FRUITS,1894.98,437.06,Netherlands,UNPREDICTABLE
2010-10-01,WHEAT,1479.43,387.12,France,RISING
2010-10-01,TOMATOES,1390.66,114.12,Netherlands,FALLING
2010-11-01,OLIVE_OIL,3904.93,301.84,Italy,STABLE
2010-11-01,DATES,2524.8,89.54,Libya,RISING
2010-11-01,CITRUS_FRUITS,2024.51,211.01,Italy,UNPREDICTABLE
2010-11-01,WHEAT,1060.69,361.94,Italy,RISING
2010-11-01,TOMATOES,1169.27,478.2,Libya,FALLING
2010-12-01,OLIVE_OIL,2563.17,471.3,France,FALLING
2010-12-01,DATES,3019.36,371.34,Netherlands,VOLATILE
2010-12-01,CITRUS_FRUITS,1812.26,267.98,Germany,VOLATILE
2010-12-01,WHEAT,1338.07,417.78,Italy,STABLE
2010-12-01,TOMATOES,728.53,123.8,Netherlands,RISING
2011-01-01,OLIVE_OIL,2620.7,161.2,Libya,STABLE
2011-01-01,DATES,2662.04,198.06,Netherlands,STABLE
2011-01-01,CITRUS_FRUITS,1382.12,405.36,Germany,RISING
2011-01-01,WHEAT,916.69,343.97,Libya,UNPREDICTABLE
2011-01-01,TOMATOES,1382.36,342.65,Italy,STABLE
2011-02-01,OLIVE_OIL,2941.12,238.28,France,VOLATILE
2011-02-01,DATES,2043.87,482.35,Italy,FALLING
2011-02-01,CITRUS_FRUITS,1625.49,205.67,Spain,VOLATILE
2011-02-01,WHEAT,1303.88,294.49,Germany,FALLING
2011-02-01,TOMATOES,1007.03,376.37,Spain,VOLATILE
2011-03-01,OLIVE_OIL,4301.4,239.77,Italy,UNPREDICTABLE
2011-03-01,DATES,2197.4,211.62,Germany,FALLING
2011-03-01,CITRUS_FRUITS,1831.56,379.9,Germany,VOLATILE
2011-03-01,WHEAT,1224.25,320.83,Italy,RISING
2011-03-01,TOMATOES,1379.98,131.44,Libya,RISING
2011-04-01,OLIVE_OIL,3374.33,93.83,Libya,STABLE
2011-04-01,DATES,2520.74,211.66,Italy,RISING
2011-04-01,CITRUS_FRUITS,1852.12,190.47,Spain,STABLE
2011-04-01,WHEAT,1425.39,196.34,Spain,RISING
2011-04-01,TOMATOES,1378.87,254.21,Germany,VOLATILE
2011-05-01,OLIVE_OIL,3384.05,198.9,Libya,STABLE
2011-05-01,DATES,2960.44,243.9,Spain,FALLING
2011-05-01,CITRUS_FRUITS,2148.58,163.64,Netherlands,RISING
2011-05-01,WHEAT,929.34,381.38,Libya,STABLE
2011-05-01,TOMATOES,1247.25,367.42,Spain,VOLATILE
2011-06-01,OLIVE_OIL,3616.28,292.96,Spain,STABLE
2011-06-01,DATES,1879.92,289.03,Spain,RISING
2011-06-01,CITRUS_FRUITS,1840.0,151.12,Libya,UNPREDICTABLE
2011-06-01,WHEAT,1152.92,278.26,Netherlands,FALLING
2011-06-01,TOMATOES,978.17,265.95,Germany,RISING
2011-07-01,OLIVE_OIL,4403.62,337.6,France,FALLING
2011-07-01,DATES,2155.91,284.78,Spain,STABLE
2011-07-01,CITRUS_FRUITS,1325.74,109.72,Spain,FALLING
2011-07-01,WHEAT,1061.48,353.04,Italy,RISING
2011-07-01,TOMATOES,1211.58,120.27,Netherlands,VOLATILE
2011-08-01,OLIVE_OIL,2854.3,361.68,Italy,STABLE
2011-08-01,DATES,1824.52,159.87,Italy,VOLATILE
2011-08-01,CITRUS_FRUITS,1770.61,63.67,France,FALLING
2011-08-01,WHEAT,1441.21,147.05,Netherlands,STABLE
2011-08-01,TOMATOES,1155.86,97.97,Spain,RISING
2011-09-01,OLIVE_OIL,3709.91,193.15,France,STABLE
2011-09-01,DATES,3019.05,402.07,Libya,STABLE
2011-09-01,CITRUS_FRUITS,1309.11,342.73,Netherlands,STABLE
2011-09-01,WHEAT,1434.07,413.53,Italy,VOLATILE
2011-09-01,TOMATOES,922.04,441.01,France,RISING
2011-10-01,OLIVE_OIL,3588.98,52.59,France,STABLE
2011-10-01,DATES,2354.64,362.96,Spain,STABLE
2011-10-01,CITRUS_FRUITS,1796.49,295.56,Germany,RISING
2011-10-01,WHEAT,958.56,321.55,Netherlands,FALLING
2011-10-01,TOMATOES,1231.54,275.2,Libya,VOLATILE
2011-11-01,OLIVE_OIL,3538.16,265.63,Libya,VOLATILE
2011-11-01,DATES,1952.49,117.05,Libya,RISING
2011-11-01,CITRUS_FRUITS,1676.7,227.46,Netherlands,FALLING
2011-11-01,WHEAT,1472.39,284.56,Libya,RISING
2011-11-01,TOMATOES,705.29,341.36,Spain,UNPREDICTABLE
2011-12-01,OLIVE_OIL,3809.39,221.03,Spain,UNPREDICTABLE
2011-12-01,DATES,2292.27,95.64,Libya,FALLING
2011-12-01,CITRUS_FRUITS,1723.08,351.54,Libya,VOLATILE
2011-12-01,WHEAT,1331.33,190.09,Spain,FALLING
2011-12-01,TOMATOES,979.93,489.53,Italy,RISING
2012-01-01,OLIVE_OIL,2862.3,356.5,Italy,VOLATILE
2012-01-01,DATES,2058.42,182.88,France,FALLING
2012-01-01,CITRUS_FRUITS,1456.56,483.32,Spain,RISING
2012-01-01,WHEAT,1552.6,218.08,Libya,FALLING
2012-01-01,TOMATOES,1365.98,320.73,Netherlands,STABLE
2012-02-01,OLIVE_OIL,3687.08,407.18,Italy,RISING
2012-02-01,DATES,2305.08,457.65,France,RISING
2012-02-01,CITRUS_FRUITS,1980.53,173.66,Germany,VOLATILE
2012-02-01,WHEAT,1437.14,414.29,Germany,FALLING
2012-02-01,TOMATOES,1016.24,313.97,France,FALLING
2012-03-01,OLIVE_OIL,4225.59,147.53,France,RISING
2012-03-01,DATES,2237.18,153.61,Germany,RISING
2012-03-01,CITRUS_FRUITS,1590.91,317.51,Netherlands,RISING
2012-03-01,WHEAT,1119.63,318.67,Italy,STABLE
2012-03-01,TOMATOES,999.74,372.92,France,RISING
2012-04-01,OLIVE_OIL,3182.18,418.42,Spain,FALLING
2012-04-01,DATES,2609.74,173.37,Netherlands,STABLE
2012-04-01,CITRUS_FRUITS,1845.29,318.09,France,STABLE
2012-04-01,WHEAT,1081.33,209.75,Spain,STABLE
2012-04-01,TOMATOES,1282.3,351.32,Spain,RISING
2012-05-01,OLIVE_OIL,3580.02,446.04,Italy,FALLING
2012-05-01,DATES,2123.16,255.59,Netherlands,FALLING
2012-05-01,CITRUS_FRUITS,2194.14,347.83,France,UNPREDICTABLE
2012-05-01,WHEAT,1257.08,200.11,Netherlands,FALLING
2012-05-01,TOMATOES,1370.34,128.89,France,RISING
2012-06-01,OLIVE_OIL,3318.96,240.21,Spain,STABLE
2012-06-01,DATES,2730.88,407.95,Netherlands,RISING
2012-06-01,CITRUS_FRUITS,1599.32,118.59,Libya,FALLING
2012-06-01,WHEAT,1514.88,159.65,Netherlands,STABLE
2012-06-01,TOMATOES,1136.51,90.11,France,FALLING
2012-07-01,OLIVE_OIL,3513.68,121.69,Libya,RISING
2012-07-01,DATES,2224.38,168.4,Italy,STABLE
2012-07-01,CITRUS_FRUITS,1546.32,157.57,France,STABLE
2012-07-01,WHEAT,1217.59,251.24,Spain,VOLATILE
2012-07-01,TOMATOES,813.23,403.82,Netherlands,FALLING
2012-08-01,OLIVE_OIL,3282.09,275.52,France,RISING
2012-08-01,DATES,2944.43,221.28,Italy,VOLATILE
2012-08-01,CITRUS_FRUITS,2005.93,405.51,Spain,VOLATILE
2012-08-01,WHEAT,1158.02,60.3,Germany,FALLING
2012-08-01,TOMATOES,942.27,489.02,Italy,VOLATILE
2012-09-01,OLIVE_OIL,2765.05,437.91,Spain,FALLING
2012-09-01,DATES,1994.88,454.22,Netherlands,RISING
2012-09-01,CITRUS_FRUITS,1702.57,229.4,France,FALLING
2012-09-01,WHEAT,997.41,265.21,Spain,RISING
2012-09-01,TOMATOES,1374.18,297.29,Spain,STABLE
2012-10-01,OLIVE_OIL,3512.28,247.78,Spain,VOLATILE
2012-10-01,DATES,1800.47,57.96,Italy,FALLING
2012-10-01,CITRUS_FRUITS,1352.02,77.61,Germany,RISING
2012-10-01,WHEAT,1069.4,268.07,Italy,RISING
2012-10-01,TOMATOES,1186.52,492.66,Germany,RISING
2012-11-01,OLIVE_OIL,2649.26,402.21,Netherlands,RISING
2012-11-01,DATES,2769.03,78.03,Spain,FALLING
2012-11-01,CITRUS_FRUITS,1428.89,154.69,Spain,STABLE
2012-11-01,WHEAT,1399.12,287.17,Italy,RISING
2012-11-01,TOMATOES,1320.62,252.4,Libya,STABLE
2012-12-01,OLIVE_OIL,3551.01,266.74,Libya,STABLE
2012-12-01,DATES,3149.35,161.86,Netherlands,STABLE
2012-12-01,CITRUS_FRUITS,1219.19,166.92,Italy,FALLING
2012-12-01,WHEAT,1051.76,328.53,Libya,RISING
2012-12-01,TOMATOES,868.84,489.14,Italy,RISING
2013-01-01,OLIVE_OIL,2585.27,217.13,France,STABLE
2013-01-01,DATES,2436.13,429.96,Libya,STABLE
2013-01-01,CITRUS_FRUITS,1350.05,196.1,Spain,FALLING
2013-01-01,WHEAT,1548.55,326.34,Libya,STABLE
2013-01-01,TOMATOES,1249.51,451.44,France,RISING
2013-02-01,OLIVE_OIL,3817.38,474.27,Italy,STABLE
2013-02-01,DATES,2156.54,428.39,Italy,STABLE
2013-02-01,CITRUS_FRUITS,1981.17,421.31,Italy,STABLE
2013-02-01,WHEAT,1260.1,152.13,France,RISING
2013-02-01,TOMATOES,1062.89,117.58,Spain,STABLE
2013-03-01,OLIVE_OIL,3860.46,68.75,France,FALLING
2013-03-01,DATES,2722.65,410.96,Germany,RISING
2013-03-01,CITRUS_FRUITS,2156.5,381.88,Italy,STABLE
2013-03-01,WHEAT,1693.27,486.84,Germany,FALLING
2013-03-01,TOMATOES,829.64,128.35,Libya,STABLE
2013-04-01,OLIVE_OIL,4161.07,80.92,Italy,RISING
2013-04-01,DATES,1915.04,485.54,France,UNPREDICTABLE
2013-04-01,CITRUS_FRUITS,1867.35,54.69,Spain,FALLING
2013-04-01,WHEAT,1519.71,339.76,Italy,STABLE
2013-04-01,TOMATOES,1327.07,195.0,Spain,STABLE
2013-05-01,OLIVE_OIL,4459.94,320.85,Libya,UNPREDICTABLE
2013-05-01,DATES,2529.08,327.42,Italy,RISING
2013-05-01,CITRUS_FRUITS,1538.27,467.64,France,STABLE
2013-05-01,WHEAT,1245.66,247.73,France,RISING
2013-05-01,TOMATOES,891.65,467.74,Spain,RISING
2013-06-01,OLIVE_OIL,4273.85,340.61,Germany,FALLING
2013-06-01,DATES,2243.69,445.67,Spain,UNPREDICTABLE
2013-06-01,CITRUS_FRUITS,1452.24,389.77,Libya,UNPREDICTABLE
2013-06-01,WHEAT,1498.55,301.02,Spain,RISING
2013-06-01,TOMATOES,924.04,388.93,France,UNPREDICTABLE
2013-07-01,OLIVE_OIL,2586.35,124.17,Libya,FALLING
2013-07-01,DATES,1928.62,484.31,Germany,RISING
2013-07-01,CITRUS_FRUITS,1542.38,236.04,Libya,FALLING
2013-07-01,WHEAT,1306.69,183.9,Germany,RISING
2013-07-01,TOMATOES,765.63,309.73,France,VOLATILE
2013-08-01,OLIVE_OIL,2820.14,257.7,France,FALLING
2013-08-01,DATES,3034.03,175.06,Germany,STABLE
2013-08-01,CITRUS_FRUITS,2000.07,141.82,Italy,FALLING
2013-08-01,WHEAT,1552.09,326.74,Italy,STABLE
2013-08-01,TOMATOES,1248.65,299.4,Netherlands,VOLATILE
2013-09-01,OLIVE_OIL,4179.93,424.71,Netherlands,RISING
2013-09-01,DATES,3141.3,215.57,Germany,VOLATILE
2013-09-01,CITRUS_FRUITS,2041.97,261.64,Germany,UNPREDICTABLE
2013-09-01,WHEAT,1194.65,251.87,Spain,VOLATILE
2013-09-01,TOMATOES,852.05,112.02,Netherlands,STABLE
2013-10-01,OLIVE_OIL,3891.24,51.45,Netherlands,RISING
2013-10-01,DATES,2053.85,224.45,France,FALLING
2013-10-01,CITRUS_FRUITS,1680.97,339.05,Libya,FALLING
2013-10-01,WHEAT,1349.19,302.3,Netherlands,STABLE
2013-10-01,TOMATOES,1119.56,320.97,Spain,VOLATILE
2013-11-01,OLIVE_OIL,3496.51,84.68,Netherlands,FALLING
2013-11-01,DATES,2844.3,491.89,Libya,VOLATILE
2013-11-01,CITRUS_FRUITS,1717.27,248.09,Spain,RISING
2013-11-01,WHEAT,1488.4,156.14,Spain,RISING
2013-11-01,TOMATOES,1260.96,394.96,France,UNPREDICTABLE
2013-12-01,OLIVE_OIL,3785.13,239.56,Spain,STABLE
2013-12-01,DATES,2049.55,358.66,Netherlands,FALLING
2013-12-01,CITRUS_FRUITS,1939.99,477.64,Libya,RISING
2013-12-01,WHEAT,1189.79,200.53,Libya,FALLING
2013-12-01,TOMATOES,1110.07,313.92,Netherlands,STABLE
2014-01-01,OLIVE_OIL,3097.45,473.31,Italy,VOLATILE
2014-01-01,DATES,2115.76,219.61,Libya,STABLE
2014-01-01,CITRUS_FRUITS,1635.18,471.81,Spain,RISING
2014-01-01,WHEAT,964.48,377.57,Italy,UNPREDICTABLE
2014-01-01,TOMATOES,1246.15,53.16,France,RISING
2014-02-01,OLIVE_OIL,3720.45,110.91,Spain,FALLING
2014-02-01,DATES,3139.26,81.03,Spain,RISING
2014-02-01,CITRUS_FRUITS,1236.29,174.07,Spain,VOLATILE
2014-02-01,WHEAT,1679.87,217.04,Italy,VOLATILE
2014-02-01,TOMATOES,887.7,120.37,Spain,RISING
2014-03-01,OLIVE_OIL,2625.31,457.9,France,STABLE
2014-03-01,DATES,2241.27,397.34,Netherlands,VOLATILE
2014-03-01,CITRUS_FRUITS,1221.82,348.71,Spain,RISING
2014-03-01,WHEAT,1605.71,227.05,Italy,STABLE
2014-03-01,TOMATOES,882.11,378.87,Italy,UNPREDICTABLE
2014-04-01,OLIVE_OIL,2789.93,376.32,Libya,FALLING
2014-04-01,DATES,2449.51,487.4,Spain,STABLE
2014-04-01,CITRUS_FRUITS,1314.1,118.06,Spain,STABLE
2014-04-01,WHEAT,971.07,357.69,France,STABLE
2014-04-01,TOMATOES,780.34,437.06,Italy,STABLE
2014-05-01,OLIVE_OIL,4083.4,296.98,Italy,RISING
2014-05-01,DATES,2441.62,268.11,Libya,RISING
2014-05-01,CITRUS_FRUITS,1864.19,147.24,Italy,STABLE
2014-05-01,WHEAT,1229.41,342.94,Netherlands,STABLE
2014-05-01,TOMATOES,1250.88,100.37,Germany,STABLE
2014-06-01,OLIVE_OIL,2603.91,403.83,Libya,RISING
2014-06-01,DATES,2262.3,390.54,Netherlands,RISING
2014-06-01,CITRUS_FRUITS,1326.25,346.83,Spain,VOLATILE
2014-06-01,WHEAT,1091.04,253.06,Italy,VOLATILE
2014-06-01,TOMATOES,1090.59,298.63,Netherlands,STABLE
2014-07-01,OLIVE_OIL,3064.86,225.83,Germany,RISING
2014-07-01,DATES,2719.49,419.95,Italy,RISING
2014-07-01,CITRUS_FRUITS,1641.07,138.02,Spain,STABLE
2014-07-01,WHEAT,1129.71,406.78,Spain,STABLE
2014-07-01,TOMATOES,918.64,339.2,Netherlands,STABLE
2014-08-01,OLIVE_OIL,2815.91,363.15,Spain,RISING
2014-08-01,DATES,2658.86,213.4,Germany,STABLE
2014-08-01,CITRUS_FRUITS,2183.52,113.32,France,RISING
2014-08-01,WHEAT,1190.95,379.69,Germany,STABLE
2014-08-01,TOMATOES,1259.02,485.49,Germany,VOLATILE
2014-09-01,OLIVE_OIL,4107.21,277.34,France,STABLE
2014-09-01,DATES,3177.75,350.56,Libya,STABLE
2014-09-01,CITRUS_FRUITS,2197.08,490.9,Germany,RISING
2014-09-01,WHEAT,910.09,301.89,France,RISING
2014-09-01,TOMATOES,1276.07,144.39,Netherlands,FALLING
2014-10-01,OLIVE_OIL,2874.82,436.18,Spain,UNPREDICTABLE
2014-10-01,DATES,1955.05,391.81,France,STABLE
2014-10-01,CITRUS_FRUITS,2021.64,256.67,Libya,STABLE
2014-10-01,WHEAT,1555.4,445.92,Netherlands,RISING
2014-10-01,TOMATOES,1198.41,421.69,Netherlands,FALLING
2014-11-01,OLIVE_OIL,3340.24,457.41,Germany,STABLE
2014-11-01,DATES,2848.36,343.02,Netherlands,FALLING
2014-11-01,CITRUS_FRUITS,2006.2,429.68,Germany,FALLING
2014-11-01,WHEAT,1001.01,354.28,Italy,STABLE
2014-11-01,TOMATOES,702.67,356.75,Netherlands,VOLATILE
2014-12-01,OLIVE_OIL,2954.36,426.67,Germany,FALLING
2014-12-01,DATES,2517.72,187.39,Libya,RISING
2014-12-01,CITRUS_FRUITS,1503.95,343.92,Netherlands,UNPREDICTABLE
2014-12-01,WHEAT,1086.21,413.33,Spain,FALLING
2014-12-01,TOMATOES,882.2,458.24,Germany,RISING
2015-01-01,OLIVE_OIL,2838.16,225.39,Netherlands,STABLE
2015-01-01,DATES,3010.39,295.99,Germany,STABLE
2015-01-01,CITRUS_FRUITS,2002.35,265.58,France,RISING
2015-01-01,WHEAT,1491.92,463.13,Netherlands,VOLATILE
2015-01-01,TOMATOES,904.55,459.85,Italy,FALLING
2015-02-01,OLIVE_OIL,4178.92,491.81,Netherlands,FALLING
2015-02-01,DATES,2226.65,423.23,Spain,FALLING
2015-02-01,CITRUS_FRUITS,1649.84,148.3,Libya,STABLE
2015-02-01,WHEAT,977.23,158.85,France,STABLE
2015-02-01,TOMATOES,910.89,319.26,Germany,RISING
2015-03-01,OLIVE_OIL,3960.49,319.46,Germany,UNPREDICTABLE
2015-03-01,DATES,2993.17,350.51,Netherlands,STABLE
2015-03-01,CITRUS_FRUITS,2189.03,331.78,Libya,VOLATILE
2015-03-01,WHEAT,1128.23,243.13,Germany,UNPREDICTABLE
2015-03-01,TOMATOES,1298.99,284.65,Libya,STABLE
2015-04-01,OLIVE_OIL,2940.45,269.77,Libya,RISING
2015-04-01,DATES,3073.48,351.14,France,RISING
2015-04-01,CITRUS_FRUITS,2155.82,61.31,Spain,UNPREDICTABLE
2015-04-01,WHEAT,1271.55,111.89,Germany,VOLATILE
2015-04-01,TOMATOES,1010.37,323.19,Germany,STABLE
2015-05-01,OLIVE_OIL,4077.6,337.82,Spain,RISING
2015-05-01,DATES,2338.32,269.45,Netherlands,STABLE
2015-05-01,CITRUS_FRUITS,1471.57,262.8,France,STABLE
2015-05-01,WHEAT,1407.28,81.92,France,RISING
2015-05-01,TOMATOES,727.84,321.83,Germany,RISING
2015-06-01,OLIVE_OIL,3053.63,487.19,Libya,STABLE
2015-06-01,DATES,2671.53,261.38,Libya,STABLE
2015-06-01,CITRUS_FRUITS,1790.87,291.65,France,RISING
2015-06-01,WHEAT,1075.26,66.52,Spain,STABLE
2015-06-01,TOMATOES,1024.0,247.34,Netherlands,STABLE
2015-07-01,OLIVE_OIL,2588.78,175.02,Libya,STABLE
2015-07-01,DATES,2945.49,289.22,Germany,STABLE
2015-07-01,CITRUS_FRUITS,2074.22,272.1,Germany,RISING
2015-07-01,WHEAT,1260.48,468.24,Libya,STABLE
2015-07-01,TOMATOES,995.28,234.96,Libya,FALLING
2015-08-01,OLIVE_OIL,3715.81,189.22,Libya,FALLING
2015-08-01,DATES,3135.65,374.63,France,FALLING
2015-08-01,CITRUS_FRUITS,1251.14,165.92,France,FALLING
2015-08-01,WHEAT,1449.27,101.52,Netherlands,VOLATILE
2015-08-01,TOMATOES,1163.87,91.53,Spain,STABLE
2015-09-01,OLIVE_OIL,4300.64,231.91,Germany,STABLE
2015-09-01,DATES,3118.42,350.86,France,FALLING
2015-09-01,CITRUS_FRUITS,2088.04,319.41,Netherlands,FALLING
2015-09-01,WHEAT,1630.63,325.66,Spain,RISING
2015-09-01,TOMATOES,1146.51,383.44,Libya,RISING
2015-10-01,OLIVE_OIL,3567.93,113.96,France,FALLING
2015-10-01,DATES,2545.49,251.98,Libya,STABLE
2015-10-01,CITRUS_FRUITS,2110.13,413.61,France,FALLING
2015-10-01,WHEAT,1421.83,430.52,Netherlands,VOLATILE
2015-10-01,TOMATOES,982.73,84.93,France,STABLE
2015-11-01,OLIVE_OIL,4077.97,250.89,Italy,STABLE
2015-11-01,DATES,2430.17,310.67,France,STABLE
2015-11-01,CITRUS_FRUITS,1518.87,311.99,Italy,STABLE
2015-11-01,WHEAT,921.94,226.84,Italy,RISING
2015-11-01,TOMATOES,1001.37,114.17,France,STABLE
2015-12-01,OLIVE_OIL,2808.92,61.45,Spain,STABLE
2015-12-01,DATES,1809.39,223.64,Germany,STABLE
2015-12-01,CITRUS_FRUITS,1511.22,354.7,Libya,STABLE
2015-12-01,WHEAT,1573.38,311.1,Netherlands,STABLE
2015-12-01,TOMATOES,1181.79,113.25,Libya,RISING
2016-01-01,OLIVE_OIL,4454.9,289.36,Libya,STABLE
2016-01-01,DATES,1854.59,63.93,Germany,RISING
2016-01-01,CITRUS_FRUITS,1223.35,390.3,Libya,STABLE
2016-01-01,WHEAT,1620.07,102.26,Italy,STABLE
2016-01-01,TOMATOES,1031.8,249.86,Italy,VOLATILE
2016-02-01,OLIVE_OIL,4468.03,179.78,Netherlands,STABLE
2016-02-01,DATES,2339.72,203.17,Spain,UNPREDICTABLE
2016-02-01,CITRUS_FRUITS,1677.88,289.52,Libya,VOLATILE
2016-02-01,WHEAT,1566.92,248.2,Italy,VOLATILE
2016-02-01,TOMATOES,1196.31,129.73,Libya,STABLE
2016-03-01,OLIVE_OIL,3040.5,484.89,Spain,STABLE
2016-03-01,DATES,2612.65,112.64,Germany,RISING
2016-03-01,CITRUS_FRUITS,2016.76,143.29,Libya,UNPREDICTABLE
2016-03-01,WHEAT,1604.25,330.53,France,VOLATILE
2016-03-01,TOMATOES,1023.01,378.87,Spain,VOLATILE
2016-04-01,OLIVE_OIL,3921.77,458.12,Germany,UNPREDICTABLE
2016-04-01,DATES,2811.0,290.02,Spain,RISING
2016-04-01,CITRUS_FRUITS,1945.86,297.2,Libya,VOLATILE
2016-04-01,WHEAT,1120.61,444.69,Spain,UNPREDICTABLE
2016-04-01,TOMATOES,1364.38,280.81,Spain,STABLE
2016-05-01,OLIVE_OIL,4227.1,314.93,Italy,STABLE
2016-05-01,DATES,2531.42,303.22,Germany,STABLE
2016-05-01,CITRUS_FRUITS,1692.33,309.78,Germany,VOLATILE
2016-05-01,WHEAT,1264.78,249.56,Spain,VOLATILE
2016-05-01,TOMATOES,1033.54,498.26,Spain,RISING
2016-06-01,OLIVE_OIL,3780.4,184.3,Germany,STABLE
2016-06-01,DATES,2158.47,63.86,Netherlands,RISING
2016-06-01,CITRUS_FRUITS,1934.03,393.17,Netherlands,FALLING
2016-06-01,WHEAT,1478.17,361.64,Italy,FALLING
2016-06-01,TOMATOES,1151.13,418.91,France,STABLE
2016-07-01,OLIVE_OIL,2921.41,480.85,Germany,UNPREDICTABLE
2016-07-01,DATES,2747.55,422.81,Netherlands,RISING
2016-07-01,CITRUS_FRUITS,1937.87,425.37,France,RISING
2016-07-01,WHEAT,904.53,471.69,Spain,FALLING
2016-07-01,TOMATOES,1236.28,430.66,Italy,RISING
2016-08-01,OLIVE_OIL,3298.2,375.42,Netherlands,STABLE
2016-08-01,DATES,2369.95,79.7,Germany,STABLE
2016-08-01,CITRUS_FRUITS,1832.09,309.67,Italy,RISING
2016-08-01,WHEAT,980.75,441.02,Italy,RISING
2016-08-01,TOMATOES,1050.44,407.53,Netherlands,RISING
2016-09-01,OLIVE_OIL,2645.8,231.29,Spain,VOLATILE
2016-09-01,DATES,2361.83,181.63,Netherlands,STABLE
2016-09-01,CITRUS_FRUITS,1222.03,312.47,France,STABLE
2016-09-01,WHEAT,1075.42,65.15,Germany,STABLE
2016-09-01,TOMATOES,1153.47,105.31,France,FALLING
2016-10-01,OLIVE_OIL,4233.87,254.28,Spain,FALLING
2016-10-01,DATES,1900.49,357.18,Netherlands,STABLE
2016-10-01,CITRUS_FRUITS,1434.65,186.44,Netherlands,FALLING
2016-10-01,WHEAT,995.96,462.56,Italy,STABLE
2016-10-01,TOMATOES,811.04,446.9,Italy,FALLING
2016-11-01,OLIVE_OIL,3043.09,231.1,France,RISING
2016-11-01,DATES,2515.58,71.08,Netherlands,FALLING
2016-11-01,CITRUS_FRUITS,1262.69,427.7,France,STABLE
2016-11-01,WHEAT,1652.36,87.22,Spain,RISING
2016-11-01,TOMATOES,952.16,171.68,Germany,VOLATILE
2016-12-01,OLIVE_OIL,3643.62,458.24,Germany,STABLE
2016-12-01,DATES,3073.92,219.79,Spain,FALLING
2016-12-01,CITRUS_FRUITS,1316.02,69.03,Libya,STABLE
2016-12-01,WHEAT,1406.17,366.74,Italy,RISING
2016-12-01,TOMATOES,877.96,443.98,Libya,UNPREDICTABLE
2017-01-01,OLIVE_OIL,4022.08,477.85,France,STABLE
2017-01-01,DATES,1947.51,401.82,Spain,UNPREDICTABLE
2017-01-01,CITRUS_FRUITS,1304.81,274.36,Spain,VOLATILE
2017-01-01,WHEAT,1280.77,99.94,Netherlands,VOLATILE
2017-01-01,TOMATOES,702.02,436.53,Libya,STABLE
2017-02-01,OLIVE_OIL,4144.36,432.66,France,FALLING
2017-02-01,DATES,2461.19,446.07,France,VOLATILE
2017-02-01,CITRUS_FRUITS,1954.02,66.17,France,RISING
2017-02-01,WHEAT,1421.31,382.37,Spain,UNPREDICTABLE
2017-02-01,TOMATOES,736.54,356.99,Netherlands,RISING
2017-03-01,OLIVE_OIL,4280.43,179.33,Germany,FALLING
2017-03-01,DATES,2952.63,401.91,Libya,STABLE
2017-03-01,CITRUS_FRUITS,2035.48,56.61,Libya,UNPREDICTABLE
2017-03-01,WHEAT,1570.61,369.22,Netherlands,STABLE
2017-03-01,TOMATOES,1045.01,231.93,France,UNPREDICTABLE
2017-04-01,OLIVE_OIL,3033.35,376.19,France,UNPREDICTABLE
2017-04-01,DATES,2526.65,354.89,Spain,STABLE
2017-04-01,CITRUS_FRUITS,1467.25,148.91,Spain,UNPREDICTABLE
2017-04-01,WHEAT,1000.44,57.63,Germany,STABLE
2017-04-01,TOMATOES,957.41,131.78,Libya,STABLE
2017-05-01,OLIVE_OIL,3978.05,150.47,France,STABLE
2017-05-01,DATES,1801.9,184.91,Spain,STABLE
2017-05-01,CITRUS_FRUITS,2079.26,354.01,Germany,VOLATILE
2017-05-01,WHEAT,1384.92,181.01,Libya,STABLE
2017-05-01,TOMATOES,912.04,79.56,France,UNPREDICTABLE
2017-06-01,OLIVE_OIL,3706.58,263.03,Spain,STABLE
2017-06-01,DATES,1880.98,481.01,France,RISING
2017-06-01,CITRUS_FRUITS,1730.74,342.93,Germany,UNPREDICTABLE
2017-06-01,WHEAT,960.48,214.56,Germany,FALLING
2017-06-01,TOMATOES,1133.81,453.23,France,VOLATILE
2017-07-01,OLIVE_OIL,3656.6,116.13,Libya,STABLE
2017-07-01,DATES,3068.99,123.75,Germany,STABLE
2017-07-01,CITRUS_FRUITS,1545.19,462.87,Netherlands,STABLE
2017-07-01,WHEAT,1612.11,368.47,Italy,FALLING
2017-07-01,TOMATOES,1351.42,273.79,France,STABLE
2017-08-01,OLIVE_OIL,2768.55,481.07,Germany,VOLATILE
2017-08-01,DATES,2295.97,477.08,Netherlands,RISING
2017-08-01,CITRUS_FRUITS,1474.7,413.13,Italy,STABLE
2017-08-01,WHEAT,1044.25,256.37,Germany,RISING
2017-08-01,TOMATOES,1011.88,144.13,Germany,FALLING
2017-09-01,OLIVE_OIL,2774.0,497.74,Italy,VOLATILE
2017-09-01,DATES,2138.77,482.28,Spain,UNPREDICTABLE
2017-09-01,CITRUS_FRUITS,2194.82,370.28,Italy,STABLE
2017-09-01,WHEAT,1075.29,256.53,Italy,FALLING
2017-09-01,TOMATOES,751.16,330.05,Italy,RISING
2017-10-01,OLIVE_OIL,4158.78,379.46,Libya,UNPREDICTABLE
2017-10-01,DATES,3144.19,284.66,Italy,UNPREDICTABLE
2017-10-01,CITRUS_FRUITS,1592.79,434.4,Netherlands,FALLING
2017-10-01,WHEAT,1097.87,338.28,France,RISING
2017-10-01,TOMATOES,1095.56,397.23,Netherlands,FALLING
2017-11-01,OLIVE_OIL,4170.82,402.99,Spain,UNPREDICTABLE
2017-11-01,DATES,2120.15,335.46,Italy,STABLE
2017-11-01,CITRUS_FRUITS,2048.04,377.99,Germany,STABLE
2017-11-01,WHEAT,1096.65,231.24,Spain,FALLING
2017-11-01,TOMATOES,782.95,180.0,Germany,UNPREDICTABLE
2017-12-01,OLIVE_OIL,3489.35,280.72,France,FALLING
2017-12-01,DATES,1927.01,64.68,Germany,UNPREDICTABLE
2017-12-01,CITRUS_FRUITS,1777.12,210.7,Italy,UNPREDICTABLE
2017-12-01,WHEAT,1209.06,308.23,Italy,FALLING
2017-12-01,TOMATOES,868.28,136.22,Libya,UNPREDICTABLE
2018-01-01,OLIVE_OIL,2555.04,427.92,France,RISING
2018-01-01,DATES,1850.43,128.85,Italy,FALLING
2018-01-01,CITRUS_FRUITS,1424.89,244.12,Germany,FALLING
2018-01-01,WHEAT,1242.0,196.85,Germany,STABLE
2018-01-01,TOMATOES,947.14,452.34,Italy,VOLATILE
2018-02-01,OLIVE_OIL,3338.9,401.16,Italy,VOLATILE
2018-02-01,DATES,2562.31,142.01,France,STABLE
2018-02-01,CITRUS_FRUITS,1793.8,64.76,Netherlands,RISING
2018-02-01,WHEAT,955.21,473.35,Libya,STABLE
2018-02-01,TOMATOES,766.54,422.04,Libya,FALLING
2018-03-01,OLIVE_OIL,4047.81,208.67,Spain,RISING
2018-03-01,DATES,3026.24,292.59,Spain,STABLE
2018-03-01,CITRUS_FRUITS,1237.57,107.54,Netherlands,STABLE
2018-03-01,WHEAT,1372.34,77.6,Netherlands,RISING
2018-03-01,TOMATOES,1381.15,151.76,Netherlands,RISING
2018-04-01,OLIVE_OIL,3374.96,447.23,Netherlands,FALLING
2018-04-01,DATES,3153.58,150.93,Spain,FALLING
2018-04-01,CITRUS_FRUITS,2048.43,240.18,Italy,VOLATILE
2018-04-01,WHEAT,1554.42,163.77,Germany,RISING
2018-04-01,TOMATOES,959.66,455.87,Netherlands,STABLE
2018-05-01,OLIVE_OIL,2940.98,393.12,Netherlands,FALLING
2018-05-01,DATES,2725.42,85.31,Italy,FALLING
2018-05-01,CITRUS_FRUITS,1367.32,401.28,France,STABLE
2018-05-01,WHEAT,1402.75,266.84,France,FALLING
2018-05-01,TOMATOES,907.59,371.49,Libya,FALLING
2018-06-01,OLIVE_OIL,4061.46,368.82,Germany,STABLE
2018-06-01,DATES,3106.09,422.38,Germany,VOLATILE
2018-06-01,CITRUS_FRUITS,1322.03,106.31,Libya,VOLATILE
2018-06-01,WHEAT,1119.26,413.18,Libya,RISING
2018-06-01,TOMATOES,849.38,349.32,Libya,VOLATILE
2018-07-01,OLIVE_OIL,3902.34,377.18,Libya,UNPREDICTABLE
2018-07-01,DATES,2494.76,221.23,Spain,VOLATILE
2018-07-01,CITRUS_FRUITS,1934.44,222.96,Germany,VOLATILE
2018-07-01,WHEAT,999.51,408.9,France,UNPREDICTABLE
2018-07-01,TOMATOES,1006.36,155.74,Germany,STABLE
2018-08-01,OLIVE_OIL,3912.39,290.43,Germany,STABLE
2018-08-01,DATES,2232.37,267.02,Libya,UNPREDICTABLE
2018-08-01,CITRUS_FRUITS,1914.41,478.61,Germany,VOLATILE
2018-08-01,WHEAT,1547.03,354.72,Spain,STABLE
2018-08-01,TOMATOES,1309.99,352.72,Libya,RISING
2018-09-01,OLIVE_OIL,3125.73,470.88,Italy,VOLATILE
2018-09-01,DATES,3068.52,55.47,Spain,RISING
2018-09-01,CITRUS_FRUITS,1219.8,225.81,Libya,STABLE
2018-09-01,WHEAT,1397.03,200.32,France,VOLATILE
2018-09-01,TOMATOES,1123.85,161.21,France,STABLE
2018-10-01,OLIVE_OIL,3365.53,358.45,Libya,RISING
2018-10-01,DATES,2087.56,221.65,France,FALLING
2018-10-01,CITRUS_FRUITS,1871.48,334.53,Netherlands,VOLATILE
2018-10-01,WHEAT,1528.22,320.5,Spain,STABLE
2018-10-01,TOMATOES,893.42,244.41,France,RISING
2018-11-01,OLIVE_OIL,3400.23,489.7,Italy,UNPREDICTABLE
2018-11-01,DATES,1958.62,231.62,Libya,RISING
2018-11-01,CITRUS_FRUITS,1782.18,142.0,France,STABLE
2018-11-01,WHEAT,1111.42,142.4,France,FALLING
2018-11-01,TOMATOES,1141.49,297.32,Netherlands,UNPREDICTABLE
2018-12-01,OLIVE_OIL,3707.27,84.64,Libya,UNPREDICTABLE
2018-12-01,DATES,1895.67,243.67,Spain,FALLING
2018-12-01,CITRUS_FRUITS,1823.65,341.83,Netherlands,FALLING
2018-12-01,WHEAT,1463.03,217.97,Germany,FALLING
2018-12-01,TOMATOES,1194.64,324.5,France,STABLE
2019-01-01,OLIVE_OIL,2999.05,50.91,Spain,UNPREDICTABLE
2019-01-01,DATES,1948.27,119.67,Germany,FALLING
2019-01-01,CITRUS_FRUITS,2082.99,141.18,Netherlands,FALLING
2019-01-01,WHEAT,1198.84,72.72,France,RISING
2019-01-01,TOMATOES,1108.05,163.9,Spain,UNPREDICTABLE
2019-02-01,OLIVE_OIL,2940.97,376.58,Netherlands,RISING
2019-02-01,DATES,2741.44,489.65,France,STABLE
2019-02-01,CITRUS_FRUITS,1942.82,197.17,Spain,FALLING
2019-02-01,WHEAT,1631.64,245.31,Spain,STABLE
2019-02-01,TOMATOES,1206.41,54.07,Spain,FALLING
2019-03-01,OLIVE_OIL,3775.38,158.91,Spain,RISING
2019-03-01,DATES,2715.59,418.27,Spain,RISING
2019-03-01,CITRUS_FRUITS,1448.38,146.48,Libya,RISING
2019-03-01,WHEAT,1628.93,209.69,Italy,FALLING
2019-03-01,TOMATOES,1124.71,352.79,Italy,STABLE
2019-04-01,OLIVE_OIL,3166.07,448.23,Germany,STABLE
2019-04-01,DATES,2196.63,404.05,Germany,FALLING
2019-04-01,CITRUS_FRUITS,1942.88,382.06,Netherlands,STABLE
2019-04-01,WHEAT,1516.59,242.37,Libya,FALLING
2019-04-01,TOMATOES,1076.83,170.98,Spain,UNPREDICTABLE
2019-05-01,OLIVE_OIL,4219.65,65.75,Germany,STABLE
2019-05-01,DATES,2682.35,161.77,Spain,VOLATILE
2019-05-01,CITRUS_FRUITS,1699.43,290.76,Germany,UNPREDICTABLE
2019-05-01,WHEAT,951.21,421.13,Netherlands,VOLATILE
2019-05-01,TOMATOES,1119.19,140.49,Netherlands,STABLE
2019-06-01,OLIVE_OIL,2612.35,270.99,Spain,RISING
2019-06-01,DATES,2193.45,370.83,Netherlands,FALLING
2019-06-01,CITRUS_FRUITS,1460.24,121.77,Libya,RISING
2019-06-01,WHEAT,1048.52,348.9,Germany,VOLATILE
2019-06-01,TOMATOES,1179.59,99.69,Libya,RISING
2019-07-01,OLIVE_OIL,4349.12,249.49,Italy,STABLE
2019-07-01,DATES,2299.64,209.21,Spain,VOLATILE
2019-07-01,CITRUS_FRUITS,2028.12,147.23,Libya,STABLE
2019-07-01,WHEAT,1183.54,277.54,France,STABLE
2019-07-01,TOMATOES,1332.49,84.94,Libya,STABLE
2019-08-01,OLIVE_OIL,2887.73,436.47,Italy,VOLATILE
2019-08-01,DATES,2282.69,257.83,Netherlands,STABLE
2019-08-01,CITRUS_FRUITS,1810.55,122.16,Libya,STABLE
2019-08-01,WHEAT,1477.54,223.16,Libya,RISING
2019-08-01,TOMATOES,701.39,373.43,Netherlands,VOLATILE
2019-09-01,OLIVE_OIL,3093.57,293.62,Netherlands,RISING
2019-09-01,DATES,2032.05,450.88,Netherlands,RISING
2019-09-01,CITRUS_FRUITS,1834.64,311.96,Italy,STABLE
2019-09-01,WHEAT,1386.2,160.41,Netherlands,STABLE
2019-09-01,TOMATOES,934.97,387.23,Germany,FALLING
2019-10-01,OLIVE_OIL,3331.55,243.02,Germany,FALLING
2019-10-01,DATES,2376.61,389.12,Libya,STABLE
2019-10-01,CITRUS_FRUITS,1611.96,441.74,Italy,RISING
2019-10-01,WHEAT,1656.09,363.48,Libya,RISING
2019-10-01,TOMATOES,936.04,114.28,Italy,STABLE
2019-11-01,OLIVE_OIL,2728.57,394.16,Germany,RISING
2019-11-01,DATES,2510.93,238.67,France,FALLING
2019-11-01,CITRUS_FRUITS,2057.31,352.96,Germany,FALLING
2019-11-01,WHEAT,1402.74,359.88,Spain,VOLATILE
2019-11-01,TOMATOES,1211.92,363.77,France,STABLE
2019-12-01,OLIVE_OIL,4248.34,141.55,Spain,STABLE
2019-12-01,DATES,2908.18,253.08,Germany,VOLATILE
2019-12-01,CITRUS_FRUITS,1604.57,267.95,Germany,RISING
2019-12-01,WHEAT,1210.26,411.59,Germany,STABLE
2019-12-01,TOMATOES,845.57,68.89,Netherlands,STABLE
2020-01-01,OLIVE_OIL,3583.52,485.63,Spain,STABLE
2020-01-01,DATES,3174.39,252.72,Libya,VOLATILE
2020-01-01,CITRUS_FRUITS,1633.47,498.73,Germany,RISING
2020-01-01,WHEAT,1257.11,81.5,Netherlands,STABLE
2020-01-01,TOMATOES,748.1,216.31,Germany,STABLE
2020-02-01,OLIVE_OIL,2590.64,207.48,Germany,STABLE
2020-02-01,DATES,2963.91,429.05,France,RISING
2020-02-01,CITRUS_FRUITS,2004.49,397.76,France,FALLING
2020-02-01,WHEAT,1240.86,296.61,Libya,STABLE
2020-02-01,TOMATOES,1174.23,391.33,Germany,FALLING
2020-03-01,OLIVE_OIL,3740.95,384.01,Spain,RISING
2020-03-01,DATES,3046.57,387.49,France,STABLE
2020-03-01,CITRUS_FRUITS,1805.41,244.92,Italy,VOLATILE
2020-03-01,WHEAT,1363.05,334.58,Italy,STABLE
2020-03-01,TOMATOES,990.48,370.75,Germany,RISING
2020-04-01,OLIVE_OIL,3699.54,437.68,Netherlands,UNPREDICTABLE
2020-04-01,DATES,2509.88,134.56,France,FALLING
2020-04-01,CITRUS_FRUITS,1333.65,249.74,Italy,UNPREDICTABLE
2020-04-01,WHEAT,1244.87,297.2,France,STABLE
2020-04-01,TOMATOES,1357.35,336.37,France,STABLE
2020-05-01,OLIVE_OIL,4151.84,258.4,Netherlands,RISING
2020-05-01,DATES,2633.42,169.09,Libya,VOLATILE
2020-05-01,CITRUS_FRUITS,1978.03,392.38,Netherlands,VOLATILE
2020-05-01,WHEAT,1518.93,386.53,France,STABLE
2020-05-01,TOMATOES,721.8,166.81,Netherlands,STABLE
2020-06-01,OLIVE_OIL,4276.93,420.95,Spain,RISING
2020-06-01,DATES,2733.59,195.36,Netherlands,VOLATILE
2020-06-01,CITRUS_FRUITS,1525.29,455.43,Libya,VOLATILE
2020-06-01,WHEAT,1575.9,162.05,Netherlands,FALLING
2020-06-01,TOMATOES,1377.08,421.99,Spain,STABLE
2020-07-01,OLIVE_OIL,3996.37,413.0,Italy,RISING
2020-07-01,DATES,2452.16,307.02,Libya,STABLE
2020-07-01,CITRUS_FRUITS,2161.16,451.27,Libya,VOLATILE
2020-07-01,WHEAT,1352.94,190.75,Libya,RISING
2020-07-01,TOMATOES,710.07,393.96,Italy,FALLING
2020-08-01,OLIVE_OIL,3117.91,109.69,Germany,RISING
2020-08-01,DATES,3113.78,236.67,Libya,FALLING
2020-08-01,CITRUS_FRUITS,1780.95,495.81,Germany,STABLE
2020-08-01,WHEAT,1465.92,225.15,Spain,FALLING
2020-08-01,TOMATOES,1307.89,220.61,Italy,STABLE
2020-09-01,OLIVE_OIL,3555.35,145.24,Germany,STABLE
2020-09-01,DATES,2491.81,437.47,Italy,FALLING
2020-09-01,CITRUS_FRUITS,1793.16,74.01,Germany,VOLATILE
2020-09-01,WHEAT,1189.95,438.64,Germany,RISING
2020-09-01,TOMATOES,1050.25,360.9,France,FALLING
2020-10-01,OLIVE_OIL,3050.58,120.29,Spain,STABLE
2020-10-01,DATES,2085.83,69.05,Italy,FALLING
2020-10-01,CITRUS_FRUITS,2037.37,126.38,Spain,FALLING
2020-10-01,WHEAT,919.97,127.15,Spain,STABLE
2020-10-01,TOMATOES,1179.99,459.6,Spain,STABLE
2020-11-01,OLIVE_OIL,3303.77,119.16,Libya,VOLATILE
2020-11-01,DATES,2699.61,85.35,Germany,FALLING
2020-11-01,CITRUS_FRUITS,1554.92,73.4,Libya,STABLE
2020-11-01,WHEAT,967.65,323.08,Spain,RISING
2020-11-01,TOMATOES,1183.48,318.55,Libya,UNPREDICTABLE
2020-12-01,OLIVE_OIL,3866.91,218.95,France,UNPREDICTABLE
2020-12-01,DATES,1842.04,453.81,France,STABLE
2020-12-01,CITRUS_FRUITS,2047.39,78.08,Spain,STABLE
2020-12-01,WHEAT,1248.31,228.18,France,VOLATILE
2020-12-01,TOMATOES,1356.58,88.3,Germany,VOLATILE
2021-01-01,OLIVE_OIL,3332.44,125.65,Germany,STABLE
2021-01-01,DATES,2175.99,95.44,Spain,STABLE
2021-01-01,CITRUS_FRUITS,1729.88,493.39,France,UNPREDICTABLE
2021-01-01,WHEAT,1251.79,175.27,Germany,STABLE
2021-01-01,TOMATOES,909.57,154.63,Spain,VOLATILE
2021-02-01,OLIVE_OIL,3231.19,209.16,Libya,RISING
2021-02-01,DATES,2094.71,414.06,Italy,STABLE
2021-02-01,CITRUS_FRUITS,2064.66,119.72,Netherlands,STABLE
2021-02-01,WHEAT,1141.94,303.53,Netherlands,RISING
2021-02-01,TOMATOES,1106.49,277.48,Netherlands,STABLE
2021-03-01,OLIVE_OIL,2506.28,128.41,France,STABLE
2021-03-01,DATES,3177.93,228.07,Italy,STABLE
2021-03-01,CITRUS_FRUITS,1563.81,135.83,France,FALLING
2021-03-01,WHEAT,1433.77,399.67,Italy,STABLE
2021-03-01,TOMATOES,1076.62,428.05,France,VOLATILE
2021-04-01,OLIVE_OIL,4380.84,57.12,Libya,STABLE
2021-04-01,DATES,2838.3,271.66,Spain,FALLING
2021-04-01,CITRUS_FRUITS,1858.08,102.66,Italy,RISING
2021-04-01,WHEAT,1458.82,237.27,Netherlands,UNPREDICTABLE
2021-04-01,TOMATOES,1322.92,418.04,Netherlands,FALLING
2021-05-01,OLIVE_OIL,3658.63,270.33,Netherlands,RISING
2021-05-01,DATES,2573.73,217.48,Germany,RISING
2021-05-01,CITRUS_FRUITS,1770.88,133.37,Netherlands,VOLATILE
2021-05-01,WHEAT,1292.61,232.95,Netherlands,FALLING
2021-05-01,TOMATOES,1103.63,301.44,Netherlands,RISING
2021-06-01,OLIVE_OIL,3249.1,408.98,Germany,VOLATILE
2021-06-01,DATES,2272.47,378.26,Libya,VOLATILE
2021-06-01,CITRUS_FRUITS,1375.12,352.74,France,STABLE
2021-06-01,WHEAT,1316.06,284.88,Netherlands,VOLATILE
2021-06-01,TOMATOES,1136.43,320.13,France,FALLING
2021-07-01,OLIVE_OIL,4000.53,118.42,France,FALLING
2021-07-01,DATES,2079.31,182.28,Italy,UNPREDICTABLE
2021-07-01,CITRUS_FRUITS,2144.67,324.47,Germany,RISING
2021-07-01,WHEAT,1626.75,260.63,France,VOLATILE
2021-07-01,TOMATOES,1191.74,326.86,Netherlands,STABLE
2021-08-01,OLIVE_OIL,3693.82,499.8,Italy,STABLE
2021-08-01,DATES,2958.57,126.82,Libya,VOLATILE
2021-08-01,CITRUS_FRUITS,1245.45,340.97,Germany,FALLING
2021-08-01,WHEAT,1628.48,279.43,Libya,RISING
2021-08-01,TOMATOES,724.44,298.02,Spain,UNPREDICTABLE
2021-09-01,OLIVE_OIL,4492.8,408.2,Germany,STABLE
2021-09-01,DATES,2132.47,72.33,France,VOLATILE
2021-09-01,CITRUS_FRUITS,2114.97,135.11,Germany,RISING
2021-09-01,WHEAT,1203.8,410.65,Netherlands,RISING
2021-09-01,TOMATOES,1097.93,343.18,France,RISING
2021-10-01,OLIVE_OIL,3854.79,304.6,Netherlands,STABLE
2021-10-01,DATES,2245.27,387.24,Germany,STABLE
2021-10-01,CITRUS_FRUITS,1975.24,155.49,Germany,STABLE
2021-10-01,WHEAT,1165.76,182.2,Germany,FALLING
2021-10-01,TOMATOES,1118.1,344.02,Netherlands,STABLE
2021-11-01,OLIVE_OIL,3739.23,319.83,Spain,FALLING
2021-11-01,DATES,2188.45,176.73,Italy,STABLE
2021-11-01,CITRUS_FRUITS,1878.11,294.36,Spain,FALLING
2021-11-01,WHEAT,1692.09,190.35,Germany,RISING
2021-11-01,TOMATOES,919.21,432.29,Italy,STABLE
2021-12-01,OLIVE_OIL,4169.14,470.97,Italy,UNPREDICTABLE
2021-12-01,DATES,1886.53,91.56,Spain,STABLE
2021-12-01,CITRUS_FRUITS,1541.43,251.95,Italy,RISING
2021-12-01,WHEAT,904.02,77.04,France,VOLATILE
2021-12-01,TOMATOES,1227.71,310.05,Germany,STABLE
2022-01-01,OLIVE_OIL,2729.59,473.69,France,RISING
2022-01-01,DATES,2097.43,348.59,Italy,FALLING
2022-01-01,CITRUS_FRUITS,2056.13,210.55,Spain,UNPREDICTABLE
2022-01-01,WHEAT,1151.1,360.98,France,STABLE
2022-01-01,TOMATOES,1210.8,473.1,Libya,STABLE
2022-02-01,OLIVE_OIL,4161.9,103.95,Netherlands,STABLE
2022-02-01,DATES,1963.69,356.97,Italy,STABLE
2022-02-01,CITRUS_FRUITS,1796.08,245.23,Libya,FALLING
2022-02-01,WHEAT,1212.1,209.81,Germany,STABLE
2022-02-01,TOMATOES,1213.1,346.4,Italy,RISING
2022-03-01,OLIVE_OIL,4246.04,285.41,Germany,STABLE
2022-03-01,DATES,2584.81,474.2,Germany,VOLATILE
2022-03-01,CITRUS_FRUITS,1304.45,309.59,Libya,RISING
2022-03-01,WHEAT,1684.45,146.61,France,VOLATILE
2022-03-01,TOMATOES,1248.45,364.87,Germany,FALLING
2022-04-01,OLIVE_OIL,3564.58,96.47,Italy,VOLATILE
2022-04-01,DATES,2847.43,302.57,Libya,VOLATILE
2022-04-01,CITRUS_FRUITS,2183.57,166.85,Italy,STABLE
2022-04-01,WHEAT,1178.02,72.66,Spain,RISING
2022-04-01,TOMATOES,1066.51,148.22,Libya,FALLING
2022-05-01,OLIVE_OIL,3005.72,309.93,Netherlands,VOLATILE
2022-05-01,DATES,2843.25,84.4,Germany,STABLE
2022-05-01,CITRUS_FRUITS,1562.56,412.57,France,FALLING
2022-05-01,WHEAT,1024.83,425.57,Netherlands,UNPREDICTABLE
2022-05-01,TOMATOES,1095.98,132.2,Libya,FALLING
2022-06-01,OLIVE_OIL,4023.77,401.68,Libya,RISING
2022-06-01,DATES,1823.46,355.64,Italy,FALLING
2022-06-01,CITRUS_FRUITS,1731.57,64.7,Libya,STABLE
2022-06-01,WHEAT,1099.82,344.37,Italy,UNPREDICTABLE
2022-06-01,TOMATOES,1093.53,371.64,Libya,RISING
2022-07-01,OLIVE_OIL,2978.29,280.54,Germany,RISING
2022-07-01,DATES,2770.67,341.71,Spain,FALLING
2022-07-01,CITRUS_FRUITS,1603.21,425.14,Libya,STABLE
2022-07-01,WHEAT,1619.41,483.02,Germany,STABLE
2022-07-01,TOMATOES,989.22,354.12,Netherlands,STABLE
2022-08-01,OLIVE_OIL,2933.91,179.6,Germany,RISING
2022-08-01,DATES,3070.15,120.33,Italy,RISING
2022-08-01,CITRUS_FRUITS,2079.33,300.67,Netherlands,STABLE
2022-08-01,WHEAT,1674.94,168.05,Libya,VOLATILE
2022-08-01,TOMATOES,735.15,259.08,Italy,STABLE
2022-09-01,OLIVE_OIL,3071.4,91.12,Netherlands,STABLE
2022-09-01,DATES,2748.41,242.81,Spain,STABLE
2022-09-01,CITRUS_FRUITS,2093.59,346.12,Netherlands,STABLE
2022-09-01,WHEAT,1575.73,244.09,Spain,VOLATILE
2022-09-01,TOMATOES,1050.33,245.2,Italy,STABLE
2022-10-01,OLIVE_OIL,3116.94,307.87,Germany,FALLING
2022-10-01,DATES,2959.88,370.78,Spain,STABLE
2022-10-01,CITRUS_FRUITS,1433.9,144.9,Netherlands,VOLATILE
2022-10-01,WHEAT,1252.46,109.58,Netherlands,VOLATILE
2022-10-01,TOMATOES,886.15,495.65,Germany,UNPREDICTABLE
2022-11-01,OLIVE_OIL,2882.26,256.84,Italy,RISING
2022-11-01,DATES,3113.94,131.53,Germany,VOLATILE
2022-11-01,CITRUS_FRUITS,1619.85,273.6,Netherlands,VOLATILE
2022-11-01,WHEAT,1004.4,304.44,France,VOLATILE
2022-11-01,TOMATOES,1206.96,360.68,Netherlands,RISING
2022-12-01,OLIVE_OIL,2533.18,347.77,Spain,STABLE
2022-12-01,DATES,1907.53,155.75,Libya,VOLATILE
2022-12-01,CITRUS_FRUITS,2174.69,110.96,Netherlands,VOLATILE
2022-12-01,WHEAT,1641.17,238.83,Netherlands,RISING
2022-12-01,TOMATOES,994.0,54.36,Germany,RISING
2023-01-01,OLIVE_OIL,3666.5,55.09,Spain,STABLE
2023-01-01,DATES,2147.02,363.97,Spain,STABLE
2023-01-01,CITRUS_FRUITS,2173.8,294.89,Germany,STABLE
2023-01-01,WHEAT,1352.86,388.15,Netherlands,RISING
2023-01-01,TOMATOES,765.24,234.72,Germany,VOLATILE
2023-02-01,OLIVE_OIL,2948.64,151.74,Libya,RISING
2023-02-01,DATES,1925.88,136.96,Netherlands,STABLE
2023-02-01,CITRUS_FRUITS,2070.69,87.59,Netherlands,VOLATILE
2023-02-01,WHEAT,941.04,271.64,Libya,FALLING
2023-02-01,TOMATOES,1039.07,362.21,Spain,RISING
2023-03-01,OLIVE_OIL,3643.99,412.44,Germany,UNPREDICTABLE
2023-03-01,DATES,2566.38,380.26,Spain,STABLE
2023-03-01,CITRUS_FRUITS,1325.57,127.08,Netherlands,RISING
2023-03-01,WHEAT,1213.53,363.72,Libya,RISING
2023-03-01,TOMATOES,1383.22,205.17,Spain,VOLATILE
2023-04-01,OLIVE_OIL,3094.57,153.5,Germany,FALLING
2023-04-01,DATES,3025.17,405.73,Spain,FALLING
2023-04-01,CITRUS_FRUITS,2024.35,228.65,Spain,FALLING
2023-04-01,WHEAT,1328.12,86.91,Spain,STABLE
2023-04-01,TOMATOES,756.86,496.66,Italy,STABLE
2023-05-01,OLIVE_OIL,2734.56,126.08,Germany,FALLING
2023-05-01,DATES,3012.54,180.25,Libya,VOLATILE
2023-05-01,CITRUS_FRUITS,1634.36,250.9,Italy,STABLE
2023-05-01,WHEAT,1351.39,432.76,Netherlands,RISING
2023-05-01,TOMATOES,1000.74,175.52,Germany,FALLING
2023-06-01,OLIVE_OIL,4059.03,57.29,Italy,STABLE
2023-06-01,DATES,2459.33,271.5,France,FALLING
2023-06-01,CITRUS_FRUITS,1980.92,406.16,Italy,VOLATILE
2023-06-01,WHEAT,982.27,106.68,Italy,FALLING
2023-06-01,TOMATOES,1292.82,195.95,Italy,VOLATILE
2023-07-01,OLIVE_OIL,4387.86,394.62,Italy,FALLING
2023-07-01,DATES,2400.69,174.17,France,RISING
2023-07-01,CITRUS_FRUITS,1664.07,474.38,France,FALLING
2023-07-01,WHEAT,1497.66,148.42,Libya,FALLING
2023-07-01,TOMATOES,848.63,104.9,Italy,RISING
2023-08-01,OLIVE_OIL,3968.3,203.59,Italy,FALLING
2023-08-01,DATES,2375.92,106.87,Italy,RISING
2023-08-01,CITRUS_FRUITS,1281.6,166.37,Spain,STABLE
2023-08-01,WHEAT,1521.96,352.78,Spain,RISING
2023-08-01,TOMATOES,907.15,348.72,Netherlands,STABLE
2023-09-01,OLIVE_OIL,4111.96,316.41,Spain,FALLING
2023-09-01,DATES,2500.39,81.23,Netherlands,VOLATILE
2023-09-01,CITRUS_FRUITS,1327.49,410.09,Italy,STABLE
2023-09-01,WHEAT,1014.63,371.62,Spain,FALLING
2023-09-01,TOMATOES,1249.34,497.49,France,STABLE
2023-10-01,OLIVE_OIL,4175.06,326.52,Netherlands,STABLE
2023-10-01,DATES,1801.56,172.38,Germany,UNPREDICTABLE
2023-10-01,CITRUS_FRUITS,1525.82,107.5,Netherlands,FALLING
2023-10-01,WHEAT,1158.82,349.28,Netherlands,RISING
2023-10-01,TOMATOES,788.39,416.05,France,VOLATILE
2023-11-01,OLIVE_OIL,4336.8,342.4,Libya,VOLATILE
2023-11-01,DATES,2702.86,179.71,Netherlands,RISING
2023-11-01,CITRUS_FRUITS,1200.03,370.46,France,FALLING
2023-11-01,WHEAT,1018.57,91.44,Libya,UNPREDICTABLE
2023-11-01,TOMATOES,1096.02,281.51,Netherlands,VOLATILE
2023-12-01,OLIVE_OIL,3268.09,349.82,Libya,STABLE
2023-12-01,DATES,2136.42,92.73,Spain,RISING
2023-12-01,CITRUS_FRUITS,1281.04,423.38,Netherlands,STABLE
2023-12-01,WHEAT,1325.5,443.13,Germany,VOLATILE
2023-12-01,TOMATOES,1024.67,194.01,Libya,STABLE
2024-01-01,OLIVE_OIL,3305.41,352.63,Netherlands,FALLING
2024-01-01,DATES,2772.52,214.1,Spain,RISING
2024-01-01,CITRUS_FRUITS,1778.49,362.04,Libya,STABLE
2024-01-01,WHEAT,1543.28,241.67,Germany,FALLING
2024-01-01,TOMATOES,1133.42,133.99,Spain,VOLATILE
2024-02-01,OLIVE_OIL,3115.06,271.42,Libya,VOLATILE
2024-02-01,DATES,2074.74,106.5,Italy,STABLE
2024-02-01,CITRUS_FRUITS,1482.26,184.13,Libya,STABLE
2024-02-01,WHEAT,968.83,75.66,Germany,FALLING
2024-02-01,TOMATOES,1081.04,155.18,Italy,STABLE
2024-03-01,OLIVE_OIL,4365.09,285.45,Germany,FALLING
2024-03-01,DATES,2153.24,188.5,Italy,RISING
2024-03-01,CITRUS_FRUITS,2177.03,295.15,Spain,FALLING
2024-03-01,WHEAT,1191.86,338.43,Libya,UNPREDICTABLE
2024-03-01,TOMATOES,1190.3,396.7,Spain,STABLE
2024-04-01,OLIVE_OIL,4322.68,59.42,France,UNPREDICTABLE
2024-04-01,DATES,2966.49,186.36,Spain,FALLING
2024-04-01,CITRUS_FRUITS,1595.94,390.31,Netherlands,STABLE
2024-04-01,WHEAT,1196.02,297.71,Libya,RISING
2024-04-01,TOMATOES,1109.18,486.19,Italy,VOLATILE
2024-05-01,OLIVE_OIL,3433.46,84.53,Netherlands,RISING
2024-05-01,DATES,2721.34,498.99,Netherlands,STABLE
2024-05-01,CITRUS_FRUITS,1600.7,101.82,France,STABLE
2024-05-01,WHEAT,1209.82,346.86,Netherlands,FALLING
2024-05-01,TOMATOES,743.01,416.18,Italy,FALLING
2024-06-01,OLIVE_OIL,2770.71,138.94,Italy,STABLE
2024-06-01,DATES,2642.53,311.78,Netherlands,VOLATILE
2024-06-01,CITRUS_FRUITS,1497.36,123.14,Spain,RISING
2024-06-01,WHEAT,1487.49,143.97,Italy,RISING
2024-06-01,TOMATOES,729.37,213.64,Libya,FALLING
2024-07-01,OLIVE_OIL,3190.96,411.36,Italy,STABLE
2024-07-01,DATES,2749.75,316.75,France,STABLE
2024-07-01,CITRUS_FRUITS,1496.33,114.56,Germany,STABLE
2024-07-01,WHEAT,1376.54,86.28,Netherlands,VOLATILE
2024-07-01,TOMATOES,1110.64,422.8,Netherlands,STABLE
2024-08-01,OLIVE_OIL,4082.82,462.1,Spain,VOLATILE
2024-08-01,DATES,2187.9,473.4,France,STABLE
2024-08-01,CITRUS_FRUITS,2187.75,196.56,Netherlands,FALLING
2024-08-01,WHEAT,932.23,232.44,Libya,STABLE
2024-08-01,TOMATOES,1396.95,54.72,Italy,STABLE
2024-09-01,OLIVE_OIL,4119.35,477.74,Germany,STABLE
2024-09-01,DATES,3023.42,55.81,Libya,STABLE
2024-09-01,CITRUS_FRUITS,1332.18,247.94,Spain,RISING
2024-09-01,WHEAT,993.17,107.19,Germany,STABLE
2024-09-01,TOMATOES,1226.49,457.49,Spain,RISING
2024-10-01,OLIVE_OIL,4140.98,421.85,Italy,STABLE
2024-10-01,DATES,2504.97,80.65,Italy,VOLATILE
2024-10-01,CITRUS_FRUITS,1831.46,402.98,France,RISING
2024-10-01,WHEAT,1097.92,439.83,Spain,STABLE
2024-10-01,TOMATOES,710.03,265.25,Italy,RISING
2024-11-01,OLIVE_OIL,2619.17,321.96,Italy,STABLE
2024-11-01,DATES,2972.13,294.35,Italy,RISING
2024-11-01,CITRUS_FRUITS,1641.83,123.52,Germany,FALLING
2024-11-01,WHEAT,1095.33,319.1,Spain,STABLE
2024-11-01,TOMATOES,1058.2,267.48,Italy,RISING
2024-12-01,OLIVE_OIL,3511.39,77.92,Libya,FALLING
2024-12-01,DATES,2528.63,497.56,France,FALLING
2024-12-01,CITRUS_FRUITS,2159.79,71.91,Netherlands,VOLATILE
2024-12-01,WHEAT,1622.21,286.2,Spain,RISING
2024-12-01,TOMATOES,1362.18,428.97,France,RISING
2025-01-01,OLIVE_OIL,2839.77,107.12,Italy,VOLATILE
2025-01-01,DATES,2752.78,124.73,Germany,FALLING
2025-01-01,CITRUS_FRUITS,1928.79,71.14,Netherlands,STABLE
2025-01-01,WHEAT,1343.79,84.54,Spain,RISING
2025-01-01,TOMATOES,738.79,199.02,France,STABLE
2025-02-01,OLIVE_OIL,2548.01,200.92,Netherlands,UNPREDICTABLE
2025-02-01,DATES,1858.0,485.51,Netherlands,FALLING
2025-02-01,CITRUS_FRUITS,1515.36,226.92,Libya,RISING
2025-02-01,WHEAT,940.78,327.89,Italy,FALLING
2025-02-01,TOMATOES,1082.85,263.79,Spain,RISING
2025-03-01,OLIVE_OIL,3061.2,207.47,Germany,VOLATILE
2025-03-01,DATES,2254.89,359.28,Netherlands,VOLATILE
2025-03-01,CITRUS_FRUITS,1424.66,229.7,Germany,FALLING
2025-03-01,WHEAT,1389.82,57.5,Germany,STABLE
2025-03-01,TOMATOES,1211.61,239.0,Germany,STABLE
2025-04-01,OLIVE_OIL,3543.77,80.59,Netherlands,RISING
2025-04-01,DATES,2768.87,112.99,Germany,STABLE
2025-04-01,CITRUS_FRUITS,1875.76,328.37,Spain,UNPREDICTABLE
2025-04-01,WHEAT,1008.17,353.96,Spain,UNPREDICTABLE
2025-04-01,TOMATOES,707.75,378.58,Netherlands,VOLATILE
2025-05-01,OLIVE_OIL,4314.08,496.19,France,STABLE
2025-05-01,DATES,2223.96,378.9,Germany,STABLE
2025-05-01,CITRUS_FRUITS,1557.81,317.2,France,FALLING
2025-05-01,WHEAT,1059.05,191.75,Spain,RISING
2025-05-01,TOMATOES,1219.59,61.34,Italy,STABLE
2025-06-01,OLIVE_OIL,2586.63,364.7,Germany,FALLING
2025-06-01,DATES,2594.35,408.31,Italy,STABLE
2025-06-01,CITRUS_FRUITS,1330.5,248.24,Spain,STABLE
2025-06-01,WHEAT,1235.28,319.68,France,RISING
2025-06-01,TOMATOES,923.33,236.98,Germany,STABLE
2025-07-01,OLIVE_OIL,3969.22,60.78,Netherlands,RISING
2025-07-01,DATES,1980.04,308.23,France,RISING
2025-07-01,CITRUS_FRUITS,1825.68,297.74,Libya,RISING
2025-07-01,WHEAT,1102.89,338.94,France,RISING
2025-07-01,TOMATOES,1303.17,309.7,France,STABLE
2025-08-01,OLIVE_OIL,3753.94,413.78,France,FALLING
2025-08-01,DATES,3078.26,307.46,Germany,RISING
2025-08-01,CITRUS_FRUITS,1381.17,405.81,Italy,STABLE
2025-08-01,WHEAT,1344.11,314.6,Italy,RISING
2025-08-01,TOMATOES,1282.08,129.8,Italy,VOLATILE
2025-09-01,OLIVE_OIL,3929.8,310.54,Spain,STABLE
2025-09-01,DATES,2646.78,224.35,France,STABLE
2025-09-01,CITRUS_FRUITS,1493.53,169.7,Germany,FALLING
2025-09-01,WHEAT,1465.61,348.16,Italy,VOLATILE
2025-09-01,TOMATOES,1271.26,58.53,Libya,FALLING
2025-10-01,OLIVE_OIL,3074.44,445.89,Netherlands,RISING
2025-10-01,DATES,1992.68,50.42,Libya,RISING
2025-10-01,CITRUS_FRUITS,2059.11,275.03,Spain,STABLE
2025-10-01,WHEAT,1629.38,68.13,Italy,FALLING
2025-10-01,TOMATOES,1352.19,329.17,Libya,UNPREDICTABLE
2025-11-01,OLIVE_OIL,3106.77,401.85,France,RISING
2025-11-01,DATES,2259.98,74.51,Libya,FALLING
2025-11-01,CITRUS_FRUITS,1929.31,308.78,Italy,FALLING
2025-11-01,WHEAT,1193.57,116.25,Germany,FALLING
2025-11-01,TOMATOES,1221.65,154.5,Germany,RISING
2025-12-01,OLIVE_OIL,3546.81,464.68,France,STABLE
2025-12-01,DATES,2851.79,453.65,Netherlands,RISING
2025-12-01,CITRUS_FRUITS,2156.29,219.5,Germany,VOLATILE
2025-12-01,WHEAT,1622.6,170.34,Germany,RISING
2025-12-01,TOMATOES,921.86,413.97,Italy,STABLE
